Student ID Number,Last Name,First Name,Gender,Year Level,Course
2019-0001,ABAN,ROBERT,MALE,3RD YEAR,BS MATHEMATICS
2019-0002,ADLAON,MARTIN,MALE,3RD YEAR,BS STATISTICS
2019-0003,BALAN,JAKE,MALE,3RD YEAR,BS BIOLOGY
2019-0004,BARRIENTOS,JANNY,MALE,3RD YEAR,BS MATHEMATICS
2019-0005,BATI-ON,ANGELO,MALE,3RD YEAR,BS MATHEMATICS
2019-0006,BERAMI,RAMIEL,MALE,3RD YEAR,BS MATHEMATICS
2019-0007,BERNARDO,VINCENT,MALE,3RD YEAR,BS STATISICS
2019-0008,BESING,VLADIMIR,MALE,3RD YEAR,BS STATISTICS
2019-0009,BODIONGAN,RICHARD,MALE,3RD YEAR,BS STATISTICS
2020-0010,DALO-GAOG,JORDAN,MALE,2ND YEAR,BS ACCOUNTANCY
2019-0011,BOLIVAR,JOAN,FEMALE,3RD YEAR,BS STATISTICS
2019-0012,BRINGAS,JENIE,FEMALE,3RD YEAR,BS BIOLOGY
2019-0013,BUNGATO,RELYN,FEMALE,3RD YEAR,BS STATISTICS
2019-0014,BURLAT,ANGEL,FEMALE,3RD YEAR,BS MARINE BIO
2019-0015,CABALOG,ALEX,FEMALE,3RD YEAR,BS MARINE BIO
2020-0001,CABATUAN,OSCAR,MALE,2ND YEAR,BS CIVIL ENGINEER
2020-0002,EMPIL,FLORITA,FEMALE,1ST YEAR,BS BIOLOGY
2020-0003,CABUG,JANE,FEMALE,2ND YEAR,BS CIVIL ENGINEER
2020-0004,CAGAANAN,JOSHUA,MALE,2ND YEAR,BS MATHEMATICS
2020-0005,CAGAS,FELIX,MALE,2ND YEAR,BS MARINE BIO
2020-0006,CAGUMBAY,ALBERT,MALE,2ND YEAR,BS MATHEMATICS
2020-0007,CASAS,ALICIA,FEMALE,2ND YEAR,BS STATISTICS
2020-0008,CASTANOS,KRESHA,FEMALE,2ND YEAR,BS BIOLOGY
2020-0009,CASTILLON,TRISTAN,MALE,2ND YEAR,BS CIVIL ENGINEER
2020-0011,DAMASON,LUHAN,MALE,2ND YEAR,BS ACCOUNTANCY
2020-0012,DANO,MINHO,MALE,2ND YEAR,BS ACCOUNTANCY
2020-0013,DAPAL,RAF,MALE,2ND YEAR,BS STATISTICS
2020-0014,DARUG,NATHAN,MALE,2ND YEAR,BS STATISTICS
2020-0015,ELUMIR,VERNETH,FEMALE,2ND YEAR,BS NURSING
2021-0001,EMPASIS,FAYE,FEMALE,1ST YEAR,BS NURSING
2021-0002,EMPIL,FLORITA,FEMALE,1ST YEAR,BS BIOLOGY
2021-0003,ENRIQUEZ,VANESSA,FEMALE,1ST YEAR,BS STATISTICS
2021-0004,EROJO,DIEGO,MALE,1ST YEAR,BS CIVIL ENGINEER
2021-0005,EROY,MICHAEL,MALE,1ST YEAR,BS MATHEMATICS
2021-0006,EVANGALISTA,JAMES,MALE,1ST YEAR,BS MARINE BIO
2021-0007,FERNANDEZ,NADINE,FEMALE,1ST YEAR,BS CIVIL ENGINEER
2021-0008,GALINDO,DANIEL,MALE,1ST YEAR,BS ACCOUNTANCY
2021-0009,GALLETO ,KATHRYN,FEMALE,1ST YEAR,BS ACCOUNTANCY
2021-0010,GAMBOAYON,LIZA,FEMALE,1ST YEAR,BS NURSING
2021-0011,GAO-GAO,ENRIQUE,MALE,1ST YEAR,BS STATISTICS
2021-0012,GAUDAN,DONNALYN,FEMALE,1ST YEAR,BS MATHEMATICS
2021-0013,GAUSIN,JAIME,MALE,1ST YEAR,BS MARINE BIO
2021-0014,GENALAZO,ZYDEN,MALE,1ST YEAR,BS STATISTICS
2021-0015,GOMEZ,ION,MALE,1ST YEAR,BS STATISTICS
2021-0016,GOMONIT,BRIX,MALE,1ST YEAR,BS NURSING
2021-0017,GUMABAY,MIGUEL,MALE,1ST YEAR,BS BIOLOGY
2021-0018,GUMIASON,BERNABE,MALE,1ST YEAR,BS MATHEMATICS
2021-0019,GUMICAL,JULIUS,MALE,1ST YEAR,BS ACCOUNTANCY
2021-0020,HABAGAT,JULIA,FEMALE,1ST YEAR,BS BIOLOGY
